chain_symbol,expiration_date,strike_price,option_type,side,order_created_at,direction,order_quantity,order_type,opening_strategy,closing_strategy,price,processed_quantity
AMC,2021-02-05,4.0000,put,sell,2021-02-02T16:08:48.745069Z,credit,2.00000,limit,short_put,,0.20000000,2.00000
AMC,2021-02-05,5.0000,put,sell,2021-02-02T16:07:46.344705Z,credit,1.00000,limit,short_put,,0.41000000,1.00000
GME,2021-02-05,20.0000,put,sell,2021-02-02T16:05:00.202129Z,credit,1.00000,limit,short_put,,0.58000000,1.00000
FUBO,2021-02-05,35.0000,put,buy,2021-02-02T16:02:04.046185Z,debit,1.00000,limit,,short_put,0.25000000,1.00000
BB,2021-02-26,7.5000,put,sell,2021-02-01T14:54:59.348277Z,credit,5.00000,limit,short_put,,0.80000000,5.00000
AMC,2021-02-26,4.0000,put,sell,2021-02-01T14:46:27.889319Z,credit,10.00000,limit,short_put,short_put,0.63000000,10.00000
AMC,2021-02-05,2.0000,put,buy,2021-02-01T14:46:27.889319Z,credit,10.00000,limit,short_put,short_put,0.63000000,10.00000
BB,2021-02-26,8.0000,put,sell,2021-02-01T14:41:56.043469Z,credit,5.00000,limit,short_put,,1.00000000,5.00000
QS,2021-02-05,50.0000,call,sell,2021-02-01T14:33:37.933063Z,credit,1.00000,limit,short_call,,1.10000000,1.00000
BB,2021-01-29,14.0000,put,buy,2021-01-29T20:50:56.295042Z,debit,2.00000,limit,,short_put,0.24000000,2.00000
AAL,2021-02-05,22.0000,call,buy,2021-01-29T18:53:52.548000Z,debit,1.00000,limit,,short_call,0.30000000,1.00000
AAL,2021-02-05,22.0000,call,sell,2021-01-29T14:35:23.567423Z,credit,1.00000,limit,short_call,,0.80000000,1.00000
CRSR,2021-02-19,35.0000,put,sell,2021-01-28T16:03:54.528826Z,credit,1.00000,limit,short_put,,4.25000000,1.00000
FUBO,2021-02-05,35.0000,put,sell,2021-01-26T20:23:26.372415Z,credit,1.00000,limit,short_put,,1.40000000,1.00000
FUBO,2021-01-29,30.0000,put,buy,2021-01-26T20:22:23.327915Z,debit,1.00000,limit,,short_put,0.10000000,1.00000
QS,2021-01-29,45.0000,put,sell,2021-01-25T16:13:56.521057Z,credit,1.00000,limit,short_put,,1.75000000,1.00000
BB,2021-02-05,12.5000,put,sell,2021-01-25T14:54:43.662983Z,credit,1.00000,limit,short_put,,1.04000000,1.00000
BB,2021-01-29,14.0000,put,sell,2021-01-25T14:42:22.141027Z,credit,1.00000,limit,short_put,,0.80000000,1.00000
BB,2021-01-29,14.0000,put,sell,2021-01-25T14:39:04.539712Z,credit,1.00000,limit,short_put,,0.61000000,1.00000
PLTR,2021-01-29,25.0000,put,buy,2021-01-25T14:32:56.508749Z,debit,1.00000,limit,,short_put,0.07000000,1.00000
AMC,2021-02-05,2.0000,put,sell,2021-01-22T17:49:49.079893Z,credit,10.00000,limit,short_put,,0.05000000,10.00000
FUBO,2021-01-29,30.0000,put,sell,2021-01-21T15:20:24.525158Z,credit,1.00000,limit,short_put,,1.16000000,1.00000
FUBO,2021-01-22,30.0000,put,buy,2021-01-21T15:17:40.489188Z,debit,2.00000,limit,,short_put,0.17000000,2.00000
FUBO,2021-01-22,30.0000,put,sell,2021-01-20T14:44:57.002118Z,credit,2.00000,limit,short_put,,1.01000000,2.00000
AMC,2021-01-22,2.5000,put,sell,2021-01-19T16:15:54.577933Z,credit,5.00000,limit,short_put,,0.09000000,5.00000
PLTR,2021-01-29,25.0000,put,sell,2021-01-19T15:18:46.877462Z,credit,1.00000,limit,short_put,,1.04000000,1.00000
CRSR,2021-02-19,35.0000,put,sell,2021-01-17T22:23:05.785706Z,credit,1.00000,limit,short_put,,3.30000000,1.00000
GME,2021-01-15,23.5000,put,sell,2021-01-14T15:12:15.265873Z,credit,1.00000,limit,short_put,,0.21000000,1.00000
GME,2021-01-15,26.0000,put,sell,2021-01-14T15:08:25.855819Z,credit,1.00000,limit,short_put,,0.48000000,1.00000
TWTR,2021-01-15,47.0000,put,buy,2021-01-14T15:05:16.222618Z,debit,1.00000,limit,,short_put,0.71000000,1.00000
AMC,2021-01-22,2.0000,put,sell,2021-01-14T14:39:32.122292Z,credit,5.00000,limit,short_put,,0.10000000,5.00000
BLNK,2021-01-15,42.5000,put,sell,2021-01-13T14:44:06.407199Z,credit,1.00000,limit,short_put,,0.55000000,1.00000
CRSR,2021-01-15,35.0000,put,buy,2021-01-13T14:42:45.801695Z,debit,1.00000,limit,,short_put,0.06000000,1.00000
PLUG,2021-01-15,56.0000,call,buy,2021-01-11T17:14:13.321843Z,credit,1.00000,limit,,long_call_spread,2.06000000,1.00000
PLUG,2021-01-15,51.0000,call,sell,2021-01-11T17:14:13.321843Z,credit,1.00000,limit,,long_call_spread,2.06000000,1.00000
PLTR,2021-01-15,25.5000,put,sell,2021-01-11T15:58:49.947826Z,credit,1.00000,limit,short_put,,0.59000000,1.00000
TWTR,2021-01-15,47.0000,put,sell,2021-01-11T15:19:48.067049Z,credit,1.00000,limit,short_put,,0.99000000,1.00000
PLUG,2021-01-15,51.0000,call,buy,2021-01-11T15:16:25.298423Z,debit,1.00000,limit,long_call_spread,,2.01000000,1.00000
PLUG,2021-01-15,56.0000,call,sell,2021-01-11T15:16:25.298423Z,debit,1.00000,limit,long_call_spread,,2.01000000,1.00000
GME,2021-01-22,20.0000,call,sell,2021-01-11T15:02:09.246380Z,credit,1.00000,limit,,long_call,2.28000000,1.00000
PLTR,2021-01-15,23.5000,put,sell,2021-01-08T18:54:41.942887Z,credit,1.00000,limit,short_put,,0.52000000,1.00000
PLTR,2021-01-08,24.0000,put,buy,2021-01-08T14:41:53.477891Z,debit,1.00000,limit,,short_put,0.04000000,1.00000
GME,2021-01-22,20.0000,call,buy,2021-01-07T16:43:03.463223Z,debit,1.00000,limit,long_call,,1.40000000,1.00000
NFLX,2021-01-15,525.0000,call,sell,2021-01-07T14:33:41.684753Z,credit,2.00000,limit,,long_call_spread,1.38000000,2.00000
NFLX,2021-01-15,530.0000,call,buy,2021-01-07T14:33:41.684753Z,credit,2.00000,limit,,long_call_spread,1.38000000,2.00000
NFLX,2021-01-15,530.0000,call,sell,2021-01-06T20:54:40.710123Z,debit,1.00000,limit,long_call_spread,,1.04000000,1.00000
NFLX,2021-01-15,525.0000,call,buy,2021-01-06T20:54:40.710123Z,debit,1.00000,limit,long_call_spread,,1.04000000,1.00000
NFLX,2021-01-15,530.0000,call,sell,2021-01-06T19:33:23.108083Z,debit,1.00000,limit,long_call_spread,,1.20000000,1.00000
NFLX,2021-01-15,525.0000,call,buy,2021-01-06T19:33:23.108083Z,debit,1.00000,limit,long_call_spread,,1.20000000,1.00000
PLTR,2021-01-08,29.0000,call,sell,2021-01-04T16:15:57.350283Z,credit,1.00000,limit,,long_call,0.09000000,1.00000
DKNG,2021-01-15,60.0000,call,sell,2021-01-04T16:13:08.922873Z,credit,2.00000,limit,,long_call,0.13000000,2.00000
BA,2021-01-15,222.5000,call,buy,2021-01-04T16:10:45.513174Z,credit,1.00000,limit,,long_call_spread,0.39000000,1.00000
BA,2021-01-15,220.0000,call,sell,2021-01-04T16:10:45.513174Z,credit,1.00000,limit,,long_call_spread,0.39000000,1.00000
FB,2021-01-15,277.5000,call,buy,2021-01-04T15:04:38.130546Z,credit,2.00000,limit,,long_call_spread,0.90000000,2.00000
FB,2021-01-15,275.0000,call,sell,2021-01-04T15:04:38.130546Z,credit,2.00000,limit,,long_call_spread,0.90000000,2.00000
DKNG,2021-01-29,48.0000,call,sell,2021-01-04T14:18:37.322306Z,credit,1.00000,limit,short_call,,3.05000000,1.00000
RKT,2021-01-15,22.0000,call,sell,2020-12-31T20:54:14.130322Z,credit,1.00000,limit,,long_call,0.29000000,1.00000
PLTR,2021-01-22,40.0000,call,sell,2020-12-31T20:52:14.002973Z,credit,1.00000,limit,,long_call,0.12000000,1.00000
BABA,2021-01-15,280.0000,call,sell,2020-12-31T20:51:42.539036Z,credit,1.00000,limit,,long_call,0.21000000,1.00000
NIO,2021-01-15,46.0000,call,buy,2020-12-31T19:02:51.082127Z,credit,1.00000,limit,,long_call_spread,0.52000000,1.00000
NIO,2021-01-15,45.0000,call,sell,2020-12-31T19:02:51.082127Z,credit,1.00000,limit,,long_call_spread,0.52000000,1.00000
FB,2021-01-15,275.0000,call,buy,2020-12-31T16:54:43.773231Z,debit,1.00000,limit,long_call_spread,,1.03000000,1.00000
FB,2021-01-15,277.5000,call,sell,2020-12-31T16:54:43.773231Z,debit,1.00000,limit,long_call_spread,,1.03000000,1.00000
FB,2021-01-15,275.0000,call,buy,2020-12-31T15:53:46.381849Z,debit,1.00000,limit,long_call_spread,,1.10000000,1.00000
FB,2021-01-15,277.5000,call,sell,2020-12-31T15:53:46.381849Z,debit,1.00000,limit,long_call_spread,,1.10000000,1.00000
FSLY,2021-01-08,96.0000,call,buy,2020-12-31T14:44:44.204084Z,credit,1.00000,limit,,long_call_spread,0.20000000,1.00000
FSLY,2021-01-08,95.0000,call,sell,2020-12-31T14:44:44.204084Z,credit,1.00000,limit,,long_call_spread,0.20000000,1.00000
DKNG,2021-01-08,46.5000,put,sell,2020-12-30T20:15:46.178300Z,credit,1.00000,limit,short_put,,1.00000000,1.00000
FB,2020-12-31,275.0000,call,sell,2020-12-30T20:06:48.910543Z,credit,1.00000,limit,,long_call,0.87000000,1.00000
MSFT,2021-01-08,232.5000,call,sell,2020-12-30T20:04:44.418010Z,credit,1.00000,limit,,long_call,0.42000000,1.00000
FB,2020-12-31,275.0000,call,buy,2020-12-30T19:33:09.089767Z,debit,1.00000,limit,long_call,,0.85000000,1.00000
ROKU,2020-12-31,350.0000,call,sell,2020-12-30T17:47:30.674416Z,credit,1.00000,limit,,long_call,0.60000000,1.00000
MSFT,2021-01-08,232.5000,call,buy,2020-12-30T17:44:23.838676Z,debit,1.00000,limit,long_call,,0.57000000,1.00000
DIS,2020-12-31,177.5000,put,sell,2020-12-30T17:42:25.249648Z,credit,1.00000,limit,,long_put,0.34000000,1.00000
ROKU,2020-12-31,345.0000,call,sell,2020-12-30T16:36:09.778209Z,credit,1.00000,limit,,long_call,0.93000000,1.00000
ROKU,2020-12-31,345.0000,call,buy,2020-12-30T15:36:38.515713Z,debit,1.00000,limit,long_call,,1.25000000,1.00000
BABA,2020-12-31,265.0000,call,sell,2020-12-30T15:12:32.026312Z,credit,1.00000,limit,,long_call,0.09000000,1.00000
DIS,2020-12-31,177.5000,put,buy,2020-12-30T14:52:04.848908Z,debit,1.00000,limit,long_put,,0.24000000,1.00000
DKNG,2021-01-15,60.0000,call,buy,2020-12-29T18:41:53.309059Z,debit,1.00000,limit,long_call,,0.35000000,1.00000
CHWY,2020-12-31,95.0000,call,sell,2020-12-29T17:26:30.086076Z,credit,1.00000,limit,,long_call_spread,0.14000000,1.00000
CHWY,2020-12-31,96.5000,call,buy,2020-12-29T17:26:30.086076Z,credit,1.00000,limit,,long_call_spread,0.14000000,1.00000
DKNG,2020-12-31,47.0000,put,sell,2020-12-29T16:11:24.730878Z,credit,1.00000,limit,short_put,,0.30000000,1.00000
NIO,2021-01-15,46.0000,call,sell,2020-12-29T14:54:37.737778Z,debit,1.00000,limit,long_call_spread,,0.40000000,1.00000
NIO,2021-01-15,45.0000,call,buy,2020-12-29T14:54:37.737778Z,debit,1.00000,limit,long_call_spread,,0.40000000,1.00000
ROKU,2020-12-31,350.0000,call,buy,2020-12-29T14:38:57.612577Z,debit,1.00000,limit,long_call,,3.55000000,1.00000
BA,2021-01-15,222.5000,call,sell,2020-12-28T20:57:53.730800Z,debit,1.00000,limit,long_call_spread,,0.95000000,1.00000
BA,2021-01-15,220.0000,call,buy,2020-12-28T20:57:53.730800Z,debit,1.00000,limit,long_call_spread,,0.95000000,1.00000
CHWY,2020-12-31,95.0000,call,buy,2020-12-28T18:43:45.769592Z,debit,1.00000,limit,long_call_spread,,0.57000000,1.00000
CHWY,2020-12-31,96.5000,call,sell,2020-12-28T18:43:45.769592Z,debit,1.00000,limit,long_call_spread,,0.57000000,1.00000
PLTR,2021-01-08,29.0000,call,buy,2020-12-28T17:59:27.802281Z,debit,1.00000,limit,long_call,,0.74000000,1.00000
PLTR,2021-01-08,24.0000,put,sell,2020-12-28T17:52:31.978063Z,credit,1.00000,limit,short_put,,0.62000000,1.00000
CRSR,2021-01-15,35.0000,put,sell,2020-12-28T16:38:05.543564Z,credit,1.00000,limit,short_put,,1.58000000,1.00000
AMZN,2020-12-31,3290.0000,call,sell,2020-12-28T16:02:13.248216Z,credit,1.00000,limit,,long_call_spread,1.40000000,1.00000
AMZN,2020-12-31,3300.0000,call,buy,2020-12-28T16:02:13.248216Z,credit,1.00000,limit,,long_call_spread,1.40000000,1.00000
FB,2020-12-31,267.5000,call,buy,2020-12-28T15:50:28.803107Z,credit,1.00000,limit,,long_call_spread,2.00000000,1.00000
FB,2020-12-31,265.0000,call,sell,2020-12-28T15:50:28.803107Z,credit,1.00000,limit,,long_call_spread,2.00000000,1.00000
AAPL,2021-01-22,126.0000,call,buy,2020-12-28T15:50:04.847312Z,credit,4.00000,limit,,long_call_spread,0.78000000,4.00000
AAPL,2021-01-22,125.0000,call,sell,2020-12-28T15:50:04.847312Z,credit,4.00000,limit,,long_call_spread,0.78000000,4.00000
JNPR,2020-12-31,23.0000,call,sell,2020-12-28T15:28:31.769484Z,credit,2.00000,limit,,long_call,0.34000000,2.00000
PTON,2020-12-31,175.0000,call,sell,2020-12-28T15:19:47.970255Z,credit,3.00000,limit,,long_call,0.19000000,3.00000
PLTR,2021-01-22,40.0000,call,buy,2020-12-28T14:40:05.002111Z,debit,1.00000,limit,long_call,,0.48000000,1.00000
FB,2020-12-31,267.5000,call,sell,2020-12-24T17:52:38.344679Z,debit,1.00000,limit,long_call_spread,,1.40000000,1.00000
FB,2020-12-31,265.0000,call,buy,2020-12-24T17:52:38.344679Z,debit,1.00000,limit,long_call_spread,,1.40000000,1.00000
PTON,2020-12-31,175.0000,call,buy,2020-12-24T17:45:25.446972Z,debit,1.00000,limit,long_call,,1.15000000,1.00000
DKNG,2021-01-15,60.0000,call,buy,2020-12-24T17:36:33.230472Z,debit,1.00000,limit,long_call,,1.20000000,1.00000
PTON,2020-12-31,175.0000,call,buy,2020-12-24T17:14:07.892116Z,debit,1.00000,limit,long_call,,1.63000000,1.00000
FB,2020-12-31,272.5000,call,buy,2020-12-24T15:57:01.217187Z,credit,1.00000,limit,,long_call_spread,0.79000000,1.00000
FB,2020-12-31,270.0000,call,sell,2020-12-24T15:57:01.217187Z,credit,1.00000,limit,,long_call_spread,0.79000000,1.00000
PTON,2020-12-31,175.0000,call,buy,2020-12-24T15:25:10.822887Z,debit,1.00000,limit,long_call,,1.65000000,1.00000
FB,2020-12-31,270.0000,call,buy,2020-12-24T15:03:52.937935Z,debit,1.00000,limit,long_call_spread,,0.98000000,1.00000
FB,2020-12-31,272.5000,call,sell,2020-12-24T15:03:52.937935Z,debit,1.00000,limit,long_call_spread,,0.98000000,1.00000
AAPL,2021-01-22,125.0000,call,buy,2020-12-24T14:50:23.525196Z,debit,1.00000,limit,long_call_spread,,0.74000000,1.00000
AAPL,2021-01-22,126.0000,call,sell,2020-12-24T14:50:23.525196Z,debit,1.00000,limit,long_call_spread,,0.74000000,1.00000
DBX,2020-12-31,25.0000,call,sell,2020-12-24T14:47:08.576367Z,credit,1.00000,limit,,long_call,0.33000000,1.00000
ROKU,2020-12-24,380.0000,call,sell,2020-12-24T14:35:48.235478Z,credit,1.00000,limit,,long_call,0.07000000,1.00000
BABA,2020-12-31,265.0000,call,buy,2020-12-23T19:39:26.937916Z,debit,1.00000,limit,long_call,,1.60000000,1.00000
NVDA,2020-12-24,532.5000,call,sell,2020-12-23T19:19:49.007012Z,credit,1.00000,limit,,long_call,0.61000000,1.00000
FB,2020-12-31,272.5000,call,sell,2020-12-23T19:00:46.941189Z,credit,1.00000,limit,,long_call,4.15000000,1.00000
PLUG,2020-12-31,38.0000,call,sell,2020-12-23T18:58:28.369775Z,credit,1.00000,limit,,long_call,0.98000000,1.00000
PLUG,2020-12-31,38.0000,call,sell,2020-12-23T18:54:50.122154Z,credit,1.00000,limit,,long_call,0.98000000,1.00000
DBX,2020-12-31,25.0000,call,buy,2020-12-23T18:45:29.949925Z,debit,1.00000,limit,long_call,,0.60000000,1.00000
PLUG,2020-12-31,38.0000,call,buy,2020-12-23T18:42:45.748287Z,debit,1.00000,limit,long_call,,1.02000000,1.00000
FB,2020-12-31,272.5000,call,buy,2020-12-23T18:11:04.464538Z,debit,1.00000,limit,long_call,,4.00000000,1.00000
AAPL,2021-01-22,125.0000,call,buy,2020-12-23T17:15:20.611773Z,debit,2.00000,limit,long_call_spread,,0.73000000,2.00000
AAPL,2021-01-22,126.0000,call,sell,2020-12-23T17:15:20.611773Z,debit,2.00000,limit,long_call_spread,,0.73000000,2.00000
FB,2021-01-15,280.0000,call,sell,2020-12-23T17:09:07.190722Z,credit,1.00000,limit,,long_call,5.10000000,1.00000
FB,2021-01-15,280.0000,call,sell,2020-12-23T17:08:34.886767Z,credit,1.00000,limit,,long_call,5.10000000,1.00000
FB,2021-01-15,280.0000,call,buy,2020-12-23T17:07:14.416609Z,debit,1.00000,limit,long_call,,5.15000000,1.00000
NVDA,2020-12-24,532.5000,call,buy,2020-12-23T16:55:01.469623Z,debit,1.00000,limit,long_call,,1.02000000,1.00000
SFIX,2020-12-24,68.0000,put,sell,2020-12-23T16:23:39.045539Z,credit,2.00000,limit,,long_put,0.35000000,2.00000
SFIX,2020-12-24,68.0000,put,buy,2020-12-23T16:21:35.066202Z,debit,1.00000,limit,long_put,,0.47000000,1.00000
ROKU,2020-12-24,380.0000,call,buy,2020-12-23T16:07:37.071342Z,debit,1.00000,limit,long_call,,0.34000000,1.00000
PLUG,2020-12-31,38.0000,call,buy,2020-12-23T15:47:34.480688Z,debit,1.00000,limit,long_call,,1.00000000,1.00000
PLUG,2020-12-31,38.0000,call,sell,2020-12-23T15:30:23.772616Z,credit,1.00000,limit,,long_call,1.21000000,1.00000
SFIX,2020-12-24,68.0000,put,buy,2020-12-23T15:24:52.373280Z,debit,1.00000,limit,long_put,,0.97000000,1.00000
BA,2020-12-31,220.0000,call,sell,2020-12-23T15:01:15.083468Z,credit,1.00000,limit,,long_call_spread,1.30000000,1.00000
BA,2020-12-31,222.5000,call,buy,2020-12-23T15:01:15.083468Z,credit,1.00000,limit,,long_call_spread,1.30000000,1.00000
PLUG,2020-12-31,38.0000,call,buy,2020-12-23T14:51:23.827766Z,debit,1.00000,limit,long_call,,1.12000000,1.00000
ZM,2020-12-31,445.0000,call,sell,2020-12-23T14:35:38.682179Z,credit,1.00000,limit,,long_call_spread,0.10000000,1.00000
ZM,2020-12-31,450.0000,call,buy,2020-12-23T14:35:38.682179Z,credit,1.00000,limit,,long_call_spread,0.10000000,1.00000
RKT,2021-01-15,22.0000,call,sell,2020-12-23T14:31:59.441191Z,credit,1.00000,limit,,long_call,1.20000000,1.00000
FB,2021-01-15,280.0000,call,buy,2020-12-22T19:05:50.588808Z,debit,1.00000,limit,long_call,,5.00000000,1.00000
AAPL,2021-01-22,126.0000,call,sell,2020-12-22T16:49:29.416874Z,debit,1.00000,limit,long_call_spread,,0.70000000,1.00000
AAPL,2021-01-22,125.0000,call,buy,2020-12-22T16:49:29.416874Z,debit,1.00000,limit,long_call_spread,,0.70000000,1.00000
PLTR,2020-12-24,30.0000,call,sell,2020-12-22T16:36:34.362903Z,credit,1.00000,limit,,long_call,0.19000000,1.00000
TSLA,2020-12-31,660.0000,call,buy,2020-12-22T16:36:04.596816Z,credit,1.00000,limit,,long_call_spread,1.23000000,1.00000
TSLA,2020-12-31,655.0000,call,sell,2020-12-22T16:36:04.596816Z,credit,1.00000,limit,,long_call_spread,1.23000000,1.00000
FB,2020-12-24,280.0000,call,sell,2020-12-22T16:35:17.863123Z,credit,1.00000,limit,,long_call,0.18000000,1.00000
TSLA,2020-12-31,660.0000,call,sell,2020-12-22T16:20:14.096900Z,debit,1.00000,limit,long_call_spread,,1.48000000,1.00000
TSLA,2020-12-31,655.0000,call,buy,2020-12-22T16:20:14.096900Z,debit,1.00000,limit,long_call_spread,,1.48000000,1.00000
SPY,2021-01-06,370.0000,call,buy,2020-12-22T16:05:12.789278Z,credit,1.00000,limit,,long_call_spread,0.56000000,1.00000
SPY,2021-01-06,369.0000,call,sell,2020-12-22T16:05:12.789278Z,credit,1.00000,limit,,long_call_spread,0.56000000,1.00000
BABA,2021-01-15,280.0000,call,buy,2020-12-22T15:28:14.573094Z,debit,1.00000,limit,long_call,,2.14000000,1.00000
FB,2020-12-24,280.0000,call,sell,2020-12-22T15:21:43.816546Z,credit,1.00000,limit,,long_call,0.32000000,1.00000
FB,2020-12-31,272.5000,call,sell,2020-12-22T15:18:49.794195Z,credit,1.00000,limit,,long_call,4.05000000,1.00000
AAPL,2020-12-24,133.0000,put,sell,2020-12-22T15:17:54.150302Z,credit,2.00000,limit,,long_put,1.35000000,2.00000
AAPL,2020-12-24,133.0000,put,buy,2020-12-22T15:16:17.545288Z,debit,1.00000,limit,long_put,,1.48000000,1.00000
AAPL,2020-12-24,133.0000,put,buy,2020-12-22T15:13:12.327230Z,debit,1.00000,limit,long_put,,1.56000000,1.00000
BA,2020-12-31,220.0000,call,buy,2020-12-22T15:04:45.120807Z,debit,1.00000,limit,long_call_spread,,1.10000000,1.00000
BA,2020-12-31,222.5000,call,sell,2020-12-22T15:04:45.120807Z,debit,1.00000,limit,long_call_spread,,1.10000000,1.00000
AAPL,2020-12-31,128.0000,call,sell,2020-12-22T15:01:02.285244Z,credit,1.00000,limit,,long_call,6.80000000,1.00000
FB,2020-12-31,272.5000,call,buy,2020-12-22T14:57:57.688710Z,debit,1.00000,limit,long_call,,5.05000000,1.00000
PLTR,2020-12-24,30.0000,call,sell,2020-12-22T14:39:40.819837Z,credit,1.00000,limit,,long_call,0.70000000,1.00000
BA,2020-12-24,222.5000,call,buy,2020-12-22T14:33:58.544033Z,credit,1.00000,limit,,long_call_spread,1.20000000,1.00000
BA,2020-12-24,220.0000,call,sell,2020-12-22T14:33:58.544033Z,credit,1.00000,limit,,long_call_spread,1.20000000,1.00000
AAPL,2020-12-31,130.0000,call,sell,2020-12-22T14:32:10.387418Z,credit,1.00000,limit,,long_call,2.94000000,1.00000
AAPL,2020-12-31,128.0000,call,buy,2020-12-21T17:32:36.643083Z,debit,1.00000,limit,long_call,,1.64000000,1.00000
AMZN,2020-12-31,3300.0000,call,sell,2020-12-21T17:25:40.181501Z,debit,1.00000,limit,long_call_spread,,2.80000000,1.00000
AMZN,2020-12-31,3290.0000,call,buy,2020-12-21T17:25:40.181501Z,debit,1.00000,limit,long_call_spread,,2.80000000,1.00000
FSLY,2021-01-08,95.0000,call,buy,2020-12-21T17:12:43.895222Z,debit,1.00000,limit,long_call_spread,,0.70000000,1.00000
FSLY,2021-01-08,96.0000,call,sell,2020-12-21T17:12:43.895222Z,debit,1.00000,limit,long_call_spread,,0.70000000,1.00000
ZM,2020-12-31,450.0000,call,sell,2020-12-21T16:31:22.117025Z,debit,1.00000,limit,long_call_spread,,0.90000000,1.00000
ZM,2020-12-31,445.0000,call,buy,2020-12-21T16:31:22.117025Z,debit,1.00000,limit,long_call_spread,,0.90000000,1.00000
JNPR,2020-12-31,23.0000,call,buy,2020-12-21T15:48:26.331538Z,debit,1.00000,limit,long_call,,0.19000000,1.00000
SPLK,2020-12-24,180.0000,call,sell,2020-12-21T15:47:09.393152Z,credit,1.00000,limit,,long_call,0.79000000,1.00000
JNPR,2020-12-31,23.0000,call,buy,2020-12-21T14:54:13.864246Z,debit,1.00000,limit,long_call,,0.31000000,1.00000
TSLA,2020-12-24,800.0000,call,sell,2020-12-21T14:49:15.082171Z,credit,1.00000,limit,,long_call,0.75000000,1.00000
TSLA,2020-12-24,800.0000,call,buy,2020-12-21T14:46:25.261451Z,debit,1.00000,limit,long_call,,1.03000000,1.00000
DBX,2020-12-24,23.0000,put,sell,2020-12-21T14:41:39.211233Z,credit,1.00000,limit,,long_put,0.27000000,1.00000
PLTR,2020-12-24,30.0000,call,buy,2020-12-21T14:31:46.167373Z,debit,1.00000,limit,long_call,,0.50000000,1.00000
RKT,2021-01-15,22.0000,call,buy,2020-12-18T17:41:02.792680Z,debit,1.00000,limit,long_call,,1.36000000,1.00000
DBX,2020-12-24,23.0000,put,buy,2020-12-18T17:11:20.859309Z,debit,1.00000,limit,long_put,,0.19000000,1.00000
BA,2020-12-24,220.0000,call,buy,2020-12-18T16:54:04.129091Z,debit,1.00000,limit,long_call_spread,,1.03000000,1.00000
BA,2020-12-24,222.5000,call,sell,2020-12-18T16:54:04.129091Z,debit,1.00000,limit,long_call_spread,,1.03000000,1.00000
CHWY,2020-12-31,90.0000,put,sell,2020-12-18T15:20:50.170408Z,credit,1.00000,limit,,long_put,0.75000000,1.00000
FB,2020-12-24,280.0000,call,buy,2020-12-18T15:11:50.179649Z,debit,1.00000,limit,long_call,,1.75000000,1.00000
FB,2020-12-24,280.0000,call,buy,2020-12-18T14:58:49.691098Z,debit,1.00000,limit,long_call,,1.96000000,1.00000
SPLK,2020-12-24,180.0000,call,buy,2020-12-17T20:44:53.970481Z,debit,1.00000,limit,long_call,,0.46000000,1.00000
SFIX,2020-12-18,65.0000,put,sell,2020-12-17T20:23:29.709000Z,credit,1.00000,limit,,long_put,0.21000000,1.00000
CHWY,2020-12-31,90.0000,put,sell,2020-12-17T20:19:24.694331Z,credit,1.00000,limit,,long_put,1.05000000,1.00000
SFIX,2020-12-18,65.0000,put,buy,2020-12-17T16:41:51.877660Z,debit,1.00000,limit,long_put,,0.08000000,1.00000
PLTR,2020-12-24,30.0000,call,buy,2020-12-17T16:22:50.537426Z,debit,1.00000,limit,long_call,,0.79000000,1.00000
RKT,2021-01-15,22.0000,call,buy,2020-12-17T15:49:34.303203Z,debit,1.00000,limit,long_call,,1.46000000,1.00000
WBA,2020-12-18,41.0000,call,sell,2020-12-17T14:54:32.650973Z,credit,2.00000,limit,,long_call,0.34000000,2.00000
CHWY,2020-12-31,90.0000,put,buy,2020-12-17T14:46:53.585652Z,debit,1.00000,limit,long_put,,1.23000000,1.00000
AMZN,2021-01-08,3500.0000,call,buy,2020-12-17T14:32:05.248350Z,credit,1.00000,limit,,long_call_spread,1.50000000,1.00000
AMZN,2021-01-08,3490.0000,call,sell,2020-12-17T14:32:05.248350Z,credit,1.00000,limit,,long_call_spread,1.50000000,1.00000
SPY,2021-01-06,370.0000,call,sell,2020-12-16T20:39:50.293632Z,debit,1.00000,limit,long_call_spread,,0.62000000,1.00000
SPY,2021-01-06,369.0000,call,buy,2020-12-16T20:39:50.293632Z,debit,1.00000,limit,long_call_spread,,0.62000000,1.00000
AAPL,2020-12-31,130.0000,call,buy,2020-12-16T20:28:05.324275Z,debit,1.00000,limit,long_call,,2.42000000,1.00000
WBA,2020-12-18,41.0000,call,buy,2020-12-16T16:39:49.794872Z,debit,2.00000,limit,long_call,,0.29000000,2.00000
CHWY,2020-12-31,90.0000,put,buy,2020-12-16T16:03:28.476227Z,debit,1.00000,limit,long_put,,2.94000000,1.00000
X,2020-12-31,23.0000,call,buy,2020-12-16T15:18:31.086617Z,debit,1.00000,limit,long_call,,0.13000000,1.00000
BLNK,2020-12-18,26.5000,call,sell,2020-12-16T14:38:21.543941Z,credit,1.00000,limit,,long_call,3.90000000,1.00000
AAPL,2020-12-18,127.0000,call,sell,2020-12-16T14:34:26.245806Z,credit,1.00000,limit,,long_call,1.15000000,1.00000
AMZN,2021-01-08,3500.0000,call,sell,2020-12-16T01:37:19.620861Z,debit,1.00000,limit,long_call_spread,,0.98000000,1.00000
AMZN,2021-01-08,3490.0000,call,buy,2020-12-16T01:37:19.620861Z,debit,1.00000,limit,long_call_spread,,0.98000000,1.00000
AAPL,2020-12-18,127.0000,call,buy,2020-12-15T16:49:14.313918Z,debit,1.00000,limit,long_call,,0.92000000,1.00000
BLNK,2020-12-18,26.5000,call,buy,2020-12-15T15:22:25.186847Z,debit,1.00000,limit,long_call,,1.30000000,1.00000
SPY,2020-12-18,365.0000,put,sell,2020-12-14T18:15:14.226226Z,credit,1.00000,limit,,long_put,3.03000000,1.00000
SPY,2020-12-18,365.0000,put,buy,2020-12-14T17:39:24.444708Z,debit,1.00000,limit,long_put,,2.73000000,1.00000
AAPL,2021-01-08,121.0000,call,sell,2020-12-11T18:05:44.700461Z,credit,1.00000,limit,,long_call,4.90000000,1.00000
AAPL,2021-01-08,121.0000,call,buy,2020-12-11T16:14:58.912541Z,debit,1.00000,limit,long_call,,4.85000000,1.00000
DKNG,2020-12-11,50.0000,put,sell,2020-12-08T20:48:52.489105Z,credit,1.00000,limit,short_put,,1.05000000,1.00000
PFE,2020-12-24,42.5000,call,sell,2020-12-08T20:25:13.345112Z,credit,1.00000,limit,,long_call,2.26000000,1.00000
AMZN,2020-12-11,3220.0000,call,sell,2020-12-08T18:16:00.300693Z,credit,1.00000,limit,,long_call,10.75000000,1.00000
AMZN,2020-12-11,3220.0000,call,buy,2020-12-08T18:11:46.333209Z,debit,1.00000,limit,long_call,,10.55000000,1.00000
PFE,2020-12-24,42.5000,call,buy,2020-12-08T16:31:49.452645Z,debit,1.00000,limit,long_call,,2.06000000,1.00000
TQQQ,2020-12-04,156.0000,call,sell,2020-11-30T14:53:00.182859Z,credit,1.00000,limit,,long_call,5.40000000,1.00000
TQQQ,2020-12-04,156.0000,call,buy,2020-11-30T14:50:29.282584Z,debit,1.00000,limit,long_call,,4.90000000,1.00000
TQQQ,2020-11-20,146.5000,call,sell,2020-11-18T15:53:19.666169Z,credit,1.00000,limit,,long_call,3.15000000,1.00000
TQQQ,2020-11-20,146.5000,call,buy,2020-11-18T15:21:57.240311Z,debit,1.00000,limit,long_call,,3.10000000,1.00000
SPY,2020-03-31,254.0000,put,sell,2020-03-30T17:00:37.784262Z,credit,1.00000,limit,,long_put,1.90000000,1.00000
SPY,2020-03-31,258.0000,put,sell,2020-03-30T16:57:09.960995Z,credit,2.00000,limit,,long_put,3.02000000,2.00000
SPY,2020-03-31,258.0000,put,buy,2020-03-30T16:55:53.101057Z,debit,1.00000,limit,long_put,,3.02000000,1.00000
SPY,2020-03-31,258.0000,put,buy,2020-03-30T15:08:55.407533Z,debit,1.00000,limit,long_put,,3.94000000,1.00000
SPY,2020-03-31,254.0000,put,buy,2020-03-30T14:04:16.871369Z,debit,1.00000,limit,long_put,,3.59000000,1.00000
SPY,2020-03-31,254.0000,call,sell,2020-03-30T13:46:53.353408Z,credit,1.00000,limit,,long_call,5.05000000,1.00000
SPY,2020-03-31,254.0000,call,buy,2020-03-30T13:39:31.284356Z,debit,1.00000,limit,long_call,,5.17000000,1.00000
SPY,2020-03-27,257.0000,call,sell,2020-03-26T15:22:57.615639Z,credit,1.00000,limit,,long_call,5.53000000,1.00000
SPY,2020-03-27,257.0000,call,buy,2020-03-26T15:20:08.503021Z,debit,1.00000,limit,long_call,,5.44000000,1.00000
BAC,2020-03-27,20.0000,call,sell,2020-03-24T14:44:34.289142Z,credit,1.00000,limit,,long_call,0.80000000,1.00000
BAC,2020-03-27,20.0000,call,buy,2020-03-24T14:40:11.211423Z,debit,1.00000,limit,long_call,,0.76000000,1.00000
